{
  "technology": "7nm",
  "vdd": 0.7,
  "temp": 25,
  "gate_delay": {
    "and2": [
      48.8393,
      0.68
    ],
    "and3": [
      53.1461,
      0.68
    ],
    "and4": [
      58.8428,
      0.68
    ],
    "and": [
      223.952,
      0.68
    ],
    "nand2": [
      25.9107,
      0.65
    ],
    "nand3": [
      42.906,
      0.65
    ],
    "nand4": [
      30.268,
      0.65
    ],
    "nor2": [
      46.6285,
      0.7
    ],
    "nor3": [
      39.7806,
      0.7
    ],
    "nor4": [
      49.5751,
      0.7
    ],
    "or2": [
      51.0192,
      0.73
    ],
    "or3": [
      42.1631,
      0.73
    ],
    "or4": [
      42.5013,
      0.73
    ],
    "or": [
      47.375,
      0.73
    ],
    "xor": [
      47.1209,
      0.73
    ],
    "buf": [
      49.6565,
      0.51
    ],
    "inv": [
      55.7704,
      0.42
    ]
  },
  "gate_area": {
    "and2": 0.0875,
    "and3": 0.0875,
    "and4": 0.1021,
    "and": 0.1166,
    "nand2": 0.1166,
    "nand3": 0.1604,
    "nand4": 0.2041,
    "nor2": 0.1166,
    "nor3": 0.1604,
    "nor4": 0.2041,
    "or2": 0.0875,
    "or3": 0.0875,
    "or4": 0.1021,
    "or": 0.1166,
    "xor": 0.175,
    "buf": 3.2659,
    "inv": 0.0
  },
  "input_cap": {
    "and2": 0.9613400000000001,
    "and3": 0.9775,
    "and4": 0.56605,
    "and": 0.48461999999999994,
    "nand2": 0.4784,
    "nand3": 0.4900333333333333,
    "nand4": 1.4824000000000002,
    "nor2": 0.9684,
    "nor3": 0.49143333333333333,
    "nor4": 1.48445,
    "or2": 0.48591999999999996,
    "or3": 0.5737666666666666,
    "or4": 0.565775,
    "or": 0.48578,
    "xor": 0.9816,
    "buf": 0.852,
    "inv": 0.4432
  },
  "leakage": {}
}